Workbook

Sheet Lançamentos
A2: Lançamento de fechamento Verdes Vales
A4: Data do fechamento: | C4: 46310
A6: Preencha apenas os campos amarelos. Salve uma cópia para cada fechamento.
D7: NOTA DE SERVIÇO | F7: NOTA DE CONSUMO — ESTADO
A8: Item | B8: Apartamento | C8: Valor do pacote | D8: Serviço • Prefeitura 30% do pacote | F8: Alimentação • Estado 30% do consumo | G8: Bebidas frias • Estado 70% do consumo (monofásico) | H8: TOTAL DA NOTA DE CONSUMO | I8: Conferência | J8: Situação
A9: =IF(COUNTA(B9:C9)=0,"",1) -> 1 | B9: 01 | C9: 3439.52 | D9: =IF(NOT(ISNUMBER(C9)),"",ROUND(C9*30%,2)) -> 1031.86 | F9: =IF(NOT(ISNUMBER(C9)),"",ROUND(H9*30%,2)) -> 722.3 | G9: =IF(NOT(ISNUMBER(C9)),"",ROUND(H9-F9,2)) -> 1685.36 | H9: =IF(NOT(ISNUMBER(C9)),"",ROUND(C9-D9,2)) -> 2407.66 | I9: =IF(NOT(ISNUMBER(C9)),"",ROUND(C9-SUM(D9,F9:G9),2)) -> 0 | J9: =IF(COUNTA(B9:C9)=0,"",IF(B9="","Falta apartamento",IF(NOT(ISNUMBER(C9)),"Falta valor","Completo"))) -> Completo
A10: =IF(COUNTA(B10:C10)=0,"",2) | D10: =IF(NOT(ISNUMBER(C10)),"",ROUND(C10*30%,2)) | F10: =IF(NOT(ISNUMBER(C10)),"",ROUND(H10*30%,2)) | G10: =IF(NOT(ISNUMBER(C10)),"",ROUND(H10-F10,2)) | H10: =IF(NOT(ISNUMBER(C10)),"",ROUND(C10-D10,2)) | I10: =IF(NOT(ISNUMBER(C10)),"",ROUND(C10-SUM(D10,F10:G10),2)) | J10: =IF(COUNTA(B10:C10)=0,"",IF(B10="","Falta apartamento",IF(NOT(ISNUMBER(C10)),"Falta valor","Completo")))
A11: =IF(COUNTA(B11:C11)=0,"",3) | D11: =IF(NOT(ISNUMBER(C11)),"",ROUND(C11*30%,2)) | F11: =IF(NOT(ISNUMBER(C11)),"",ROUND(H11*30%,2)) | G11: =IF(NOT(ISNUMBER(C11)),"",ROUND(H11-F11,2)) | H11: =IF(NOT(ISNUMBER(C11)),"",ROUND(C11-D11,2)) | I11: =IF(NOT(ISNUMBER(C11)),"",ROUND(C11-SUM(D11,F11:G11),2)) | J11: =IF(COUNTA(B11:C11)=0,"",IF(B11="","Falta apartamento",IF(NOT(ISNUMBER(C11)),"Falta valor","Completo")))
A12: =IF(COUNTA(B12:C12)=0,"",4) | D12: =IF(NOT(ISNUMBER(C12)),"",ROUND(C12*30%,2)) | F12: =IF(NOT(ISNUMBER(C12)),"",ROUND(H12*30%,2)) | G12: =IF(NOT(ISNUMBER(C12)),"",ROUND(H12-F12,2)) | H12: =IF(NOT(ISNUMBER(C12)),"",ROUND(C12-D12,2)) | I12: =IF(NOT(ISNUMBER(C12)),"",ROUND(C12-SUM(D12,F12:G12),2)) | J12: =IF(COUNTA(B12:C12)=0,"",IF(B12="","Falta apartamento",IF(NOT(ISNUMBER(C12)),"Falta valor","Completo")))
A13: =IF(COUNTA(B13:C13)=0,"",5) | D13: =IF(NOT(ISNUMBER(C13)),"",ROUND(C13*30%,2)) | F13: =IF(NOT(ISNUMBER(C13)),"",ROUND(H13*30%,2)) | G13: =IF(NOT(ISNUMBER(C13)),"",ROUND(H13-F13,2)) | H13: =IF(NOT(ISNUMBER(C13)),"",ROUND(C13-D13,2)) | I13: =IF(NOT(ISNUMBER(C13)),"",ROUND(C13-SUM(D13,F13:G13),2)) | J13: =IF(COUNTA(B13:C13)=0,"",IF(B13="","Falta apartamento",IF(NOT(ISNUMBER(C13)),"Falta valor","Completo")))
A14: =IF(COUNTA(B14:C14)=0,"",6) | D14: =IF(NOT(ISNUMBER(C14)),"",ROUND(C14*30%,2)) | F14: =IF(NOT(ISNUMBER(C14)),"",ROUND(H14*30%,2)) | G14: =IF(NOT(ISNUMBER(C14)),"",ROUND(H14-F14,2)) | H14: =IF(NOT(ISNUMBER(C14)),"",ROUND(C14-D14,2)) | I14: =IF(NOT(ISNUMBER(C14)),"",ROUND(C14-SUM(D14,F14:G14),2)) | J14: =IF(COUNTA(B14:C14)=0,"",IF(B14="","Falta apartamento",IF(NOT(ISNUMBER(C14)),"Falta valor","Completo")))
A15: =IF(COUNTA(B15:C15)=0,"",7) | D15: =IF(NOT(ISNUMBER(C15)),"",ROUND(C15*30%,2)) | F15: =IF(NOT(ISNUMBER(C15)),"",ROUND(H15*30%,2)) | G15: =IF(NOT(ISNUMBER(C15)),"",ROUND(H15-F15,2)) | H15: =IF(NOT(ISNUMBER(C15)),"",ROUND(C15-D15,2)) | I15: =IF(NOT(ISNUMBER(C15)),"",ROUND(C15-SUM(D15,F15:G15),2)) | J15: =IF(COUNTA(B15:C15)=0,"",IF(B15="","Falta apartamento",IF(NOT(ISNUMBER(C15)),"Falta valor","Completo")))
A16: =IF(COUNTA(B16:C16)=0,"",8) | D16: =IF(NOT(ISNUMBER(C16)),"",ROUND(C16*30%,2)) | F16: =IF(NOT(ISNUMBER(C16)),"",ROUND(H16*30%,2)) | G16: =IF(NOT(ISNUMBER(C16)),"",ROUND(H16-F16,2)) | H16: =IF(NOT(ISNUMBER(C16)),"",ROUND(C16-D16,2)) | I16: =IF(NOT(ISNUMBER(C16)),"",ROUND(C16-SUM(D16,F16:G16),2)) | J16: =IF(COUNTA(B16:C16)=0,"",IF(B16="","Falta apartamento",IF(NOT(ISNUMBER(C16)),"Falta valor","Completo")))
A17: =IF(COUNTA(B17:C17)=0,"",9) | D17: =IF(NOT(ISNUMBER(C17)),"",ROUND(C17*30%,2)) | F17: =IF(NOT(ISNUMBER(C17)),"",ROUND(H17*30%,2)) | G17: =IF(NOT(ISNUMBER(C17)),"",ROUND(H17-F17,2)) | H17: =IF(NOT(ISNUMBER(C17)),"",ROUND(C17-D17,2)) | I17: =IF(NOT(ISNUMBER(C17)),"",ROUND(C17-SUM(D17,F17:G17),2)) | J17: =IF(COUNTA(B17:C17)=0,"",IF(B17="","Falta apartamento",IF(NOT(ISNUMBER(C17)),"Falta valor","Completo")))
A18: =IF(COUNTA(B18:C18)=0,"",10) | D18: =IF(NOT(ISNUMBER(C18)),"",ROUND(C18*30%,2)) | F18: =IF(NOT(ISNUMBER(C18)),"",ROUND(H18*30%,2)) | G18: =IF(NOT(ISNUMBER(C18)),"",ROUND(H18-F18,2)) | H18: =IF(NOT(ISNUMBER(C18)),"",ROUND(C18-D18,2)) | I18: =IF(NOT(ISNUMBER(C18)),"",ROUND(C18-SUM(D18,F18:G18),2)) | J18: =IF(COUNTA(B18:C18)=0,"",IF(B18="","Falta apartamento",IF(NOT(ISNUMBER(C18)),"Falta valor","Completo")))
A19: =IF(COUNTA(B19:C19)=0,"",11) | D19: =IF(NOT(ISNUMBER(C19)),"",ROUND(C19*30%,2)) | F19: =IF(NOT(ISNUMBER(C19)),"",ROUND(H19*30%,2)) | G19: =IF(NOT(ISNUMBER(C19)),"",ROUND(H19-F19,2)) | H19: =IF(NOT(ISNUMBER(C19)),"",ROUND(C19-D19,2)) | I19: =IF(NOT(ISNUMBER(C19)),"",ROUND(C19-SUM(D19,F19:G19),2)) | J19: =IF(COUNTA(B19:C19)=0,"",IF(B19="","Falta apartamento",IF(NOT(ISNUMBER(C19)),"Falta valor","Completo")))
A20: =IF(COUNTA(B20:C20)=0,"",12) | D20: =IF(NOT(ISNUMBER(C20)),"",ROUND(C20*30%,2)) | F20: =IF(NOT(ISNUMBER(C20)),"",ROUND(H20*30%,2)) | G20: =IF(NOT(ISNUMBER(C20)),"",ROUND(H20-F20,2)) | H20: =IF(NOT(ISNUMBER(C20)),"",ROUND(C20-D20,2)) | I20: =IF(NOT(ISNUMBER(C20)),"",ROUND(C20-SUM(D20,F20:G20),2)) | J20: =IF(COUNTA(B20:C20)=0,"",IF(B20="","Falta apartamento",IF(NOT(ISNUMBER(C20)),"Falta valor","Completo")))
A21: =IF(COUNTA(B21:C21)=0,"",13) | D21: =IF(NOT(ISNUMBER(C21)),"",ROUND(C21*30%,2)) | F21: =IF(NOT(ISNUMBER(C21)),"",ROUND(H21*30%,2)) | G21: =IF(NOT(ISNUMBER(C21)),"",ROUND(H21-F21,2)) | H21: =IF(NOT(ISNUMBER(C21)),"",ROUND(C21-D21,2)) | I21: =IF(NOT(ISNUMBER(C21)),"",ROUND(C21-SUM(D21,F21:G21),2)) | J21: =IF(COUNTA(B21:C21)=0,"",IF(B21="","Falta apartamento",IF(NOT(ISNUMBER(C21)),"Falta valor","Completo")))
A22: =IF(COUNTA(B22:C22)=0,"",14) | D22: =IF(NOT(ISNUMBER(C22)),"",ROUND(C22*30%,2)) | F22: =IF(NOT(ISNUMBER(C22)),"",ROUND(H22*30%,2)) | G22: =IF(NOT(ISNUMBER(C22)),"",ROUND(H22-F22,2)) | H22: =IF(NOT(ISNUMBER(C22)),"",ROUND(C22-D22,2)) | I22: =IF(NOT(ISNUMBER(C22)),"",ROUND(C22-SUM(D22,F22:G22),2)) | J22: =IF(COUNTA(B22:C22)=0,"",IF(B22="","Falta apartamento",IF(NOT(ISNUMBER(C22)),"Falta valor","Completo")))
A23: =IF(COUNTA(B23:C23)=0,"",15) | D23: =IF(NOT(ISNUMBER(C23)),"",ROUND(C23*30%,2)) | F23: =IF(NOT(ISNUMBER(C23)),"",ROUND(H23*30%,2)) | G23: =IF(NOT(ISNUMBER(C23)),"",ROUND(H23-F23,2)) | H23: =IF(NOT(ISNUMBER(C23)),"",ROUND(C23-D23,2)) | I23: =IF(NOT(ISNUMBER(C23)),"",ROUND(C23-SUM(D23,F23:G23),2)) | J23: =IF(COUNTA(B23:C23)=0,"",IF(B23="","Falta apartamento",IF(NOT(ISNUMBER(C23)),"Falta valor","Completo")))
A24: =IF(COUNTA(B24:C24)=0,"",16) | D24: =IF(NOT(ISNUMBER(C24)),"",ROUND(C24*30%,2)) | F24: =IF(NOT(ISNUMBER(C24)),"",ROUND(H24*30%,2)) | G24: =IF(NOT(ISNUMBER(C24)),"",ROUND(H24-F24,2)) | H24: =IF(NOT(ISNUMBER(C24)),"",ROUND(C24-D24,2)) | I24: =IF(NOT(ISNUMBER(C24)),"",ROUND(C24-SUM(D24,F24:G24),2)) | J24: =IF(COUNTA(B24:C24)=0,"",IF(B24="","Falta apartamento",IF(NOT(ISNUMBER(C24)),"Falta valor","Completo")))
A25: =IF(COUNTA(B25:C25)=0,"",17) | D25: =IF(NOT(ISNUMBER(C25)),"",ROUND(C25*30%,2)) | F25: =IF(NOT(ISNUMBER(C25)),"",ROUND(H25*30%,2)) | G25: =IF(NOT(ISNUMBER(C25)),"",ROUND(H25-F25,2)) | H25: =IF(NOT(ISNUMBER(C25)),"",ROUND(C25-D25,2)) | I25: =IF(NOT(ISNUMBER(C25)),"",ROUND(C25-SUM(D25,F25:G25),2)) | J25: =IF(COUNTA(B25:C25)=0,"",IF(B25="","Falta apartamento",IF(NOT(ISNUMBER(C25)),"Falta valor","Completo")))
A26: =IF(COUNTA(B26:C26)=0,"",18) | D26: =IF(NOT(ISNUMBER(C26)),"",ROUND(C26*30%,2)) | F26: =IF(NOT(ISNUMBER(C26)),"",ROUND(H26*30%,2)) | G26: =IF(NOT(ISNUMBER(C26)),"",ROUND(H26-F26,2)) | H26: =IF(NOT(ISNUMBER(C26)),"",ROUND(C26-D26,2)) | I26: =IF(NOT(ISNUMBER(C26)),"",ROUND(C26-SUM(D26,F26:G26),2)) | J26: =IF(COUNTA(B26:C26)=0,"",IF(B26="","Falta apartamento",IF(NOT(ISNUMBER(C26)),"Falta valor","Completo")))
A27: =IF(COUNTA(B27:C27)=0,"",19) | D27: =IF(NOT(ISNUMBER(C27)),"",ROUND(C27*30%,2)) | F27: =IF(NOT(ISNUMBER(C27)),"",ROUND(H27*30%,2)) | G27: =IF(NOT(ISNUMBER(C27)),"",ROUND(H27-F27,2)) | H27: =IF(NOT(ISNUMBER(C27)),"",ROUND(C27-D27,2)) | I27: =IF(NOT(ISNUMBER(C27)),"",ROUND(C27-SUM(D27,F27:G27),2)) | J27: =IF(COUNTA(B27:C27)=0,"",IF(B27="","Falta apartamento",IF(NOT(ISNUMBER(C27)),"Falta valor","Completo")))
A28: =IF(COUNTA(B28:C28)=0,"",20) | D28: =IF(NOT(ISNUMBER(C28)),"",ROUND(C28*30%,2)) | F28: =IF(NOT(ISNUMBER(C28)),"",ROUND(H28*30%,2)) | G28: =IF(NOT(ISNUMBER(C28)),"",ROUND(H28-F28,2)) | H28: =IF(NOT(ISNUMBER(C28)),"",ROUND(C28-D28,2)) | I28: =IF(NOT(ISNUMBER(C28)),"",ROUND(C28-SUM(D28,F28:G28),2)) | J28: =IF(COUNTA(B28:C28)=0,"",IF(B28="","Falta apartamento",IF(NOT(ISNUMBER(C28)),"Falta valor","Completo")))
A29: =IF(COUNTA(B29:C29)=0,"",21) | D29: =IF(NOT(ISNUMBER(C29)),"",ROUND(C29*30%,2)) | F29: =IF(NOT(ISNUMBER(C29)),"",ROUND(H29*30%,2)) | G29: =IF(NOT(ISNUMBER(C29)),"",ROUND(H29-F29,2)) | H29: =IF(NOT(ISNUMBER(C29)),"",ROUND(C29-D29,2)) | I29: =IF(NOT(ISNUMBER(C29)),"",ROUND(C29-SUM(D29,F29:G29),2)) | J29: =IF(COUNTA(B29:C29)=0,"",IF(B29="","Falta apartamento",IF(NOT(ISNUMBER(C29)),"Falta valor","Completo")))
A30: =IF(COUNTA(B30:C30)=0,"",22) | D30: =IF(NOT(ISNUMBER(C30)),"",ROUND(C30*30%,2)) | F30: =IF(NOT(ISNUMBER(C30)),"",ROUND(H30*30%,2)) | G30: =IF(NOT(ISNUMBER(C30)),"",ROUND(H30-F30,2)) | H30: =IF(NOT(ISNUMBER(C30)),"",ROUND(C30-D30,2)) | I30: =IF(NOT(ISNUMBER(C30)),"",ROUND(C30-SUM(D30,F30:G30),2)) | J30: =IF(COUNTA(B30:C30)=0,"",IF(B30="","Falta apartamento",IF(NOT(ISNUMBER(C30)),"Falta valor","Completo")))
A31: =IF(COUNTA(B31:C31)=0,"",23) | D31: =IF(NOT(ISNUMBER(C31)),"",ROUND(C31*30%,2)) | F31: =IF(NOT(ISNUMBER(C31)),"",ROUND(H31*30%,2)) | G31: =IF(NOT(ISNUMBER(C31)),"",ROUND(H31-F31,2)) | H31: =IF(NOT(ISNUMBER(C31)),"",ROUND(C31-D31,2)) | I31: =IF(NOT(ISNUMBER(C31)),"",ROUND(C31-SUM(D31,F31:G31),2)) | J31: =IF(COUNTA(B31:C31)=0,"",IF(B31="","Falta apartamento",IF(NOT(ISNUMBER(C31)),"Falta valor","Completo")))
A32: =IF(COUNTA(B32:C32)=0,"",24) | D32: =IF(NOT(ISNUMBER(C32)),"",ROUND(C32*30%,2)) | F32: =IF(NOT(ISNUMBER(C32)),"",ROUND(H32*30%,2)) | G32: =IF(NOT(ISNUMBER(C32)),"",ROUND(H32-F32,2)) | H32: =IF(NOT(ISNUMBER(C32)),"",ROUND(C32-D32,2)) | I32: =IF(NOT(ISNUMBER(C32)),"",ROUND(C32-SUM(D32,F32:G32),2)) | J32: =IF(COUNTA(B32:C32)=0,"",IF(B32="","Falta apartamento",IF(NOT(ISNUMBER(C32)),"Falta valor","Completo")))
A33: =IF(COUNTA(B33:C33)=0,"",25) | D33: =IF(NOT(ISNUMBER(C33)),"",ROUND(C33*30%,2)) | F33: =IF(NOT(ISNUMBER(C33)),"",ROUND(H33*30%,2)) | G33: =IF(NOT(ISNUMBER(C33)),"",ROUND(H33-F33,2)) | H33: =IF(NOT(ISNUMBER(C33)),"",ROUND(C33-D33,2)) | I33: =IF(NOT(ISNUMBER(C33)),"",ROUND(C33-SUM(D33,F33:G33),2)) | J33: =IF(COUNTA(B33:C33)=0,"",IF(B33="","Falta apartamento",IF(NOT(ISNUMBER(C33)),"Falta valor","Completo")))
A34: =IF(COUNTA(B34:C34)=0,"",26) | D34: =IF(NOT(ISNUMBER(C34)),"",ROUND(C34*30%,2)) | F34: =IF(NOT(ISNUMBER(C34)),"",ROUND(H34*30%,2)) | G34: =IF(NOT(ISNUMBER(C34)),"",ROUND(H34-F34,2)) | H34: =IF(NOT(ISNUMBER(C34)),"",ROUND(C34-D34,2)) | I34: =IF(NOT(ISNUMBER(C34)),"",ROUND(C34-SUM(D34,F34:G34),2)) | J34: =IF(COUNTA(B34:C34)=0,"",IF(B34="","Falta apartamento",IF(NOT(ISNUMBER(C34)),"Falta valor","Completo")))
A35: =IF(COUNTA(B35:C35)=0,"",27) | D35: =IF(NOT(ISNUMBER(C35)),"",ROUND(C35*30%,2)) | F35: =IF(NOT(ISNUMBER(C35)),"",ROUND(H35*30%,2)) | G35: =IF(NOT(ISNUMBER(C35)),"",ROUND(H35-F35,2)) | H35: =IF(NOT(ISNUMBER(C35)),"",ROUND(C35-D35,2)) | I35: =IF(NOT(ISNUMBER(C35)),"",ROUND(C35-SUM(D35,F35:G35),2)) | J35: =IF(COUNTA(B35:C35)=0,"",IF(B35="","Falta apartamento",IF(NOT(ISNUMBER(C35)),"Falta valor","Completo")))
A36: =IF(COUNTA(B36:C36)=0,"",28) | D36: =IF(NOT(ISNUMBER(C36)),"",ROUND(C36*30%,2)) | F36: =IF(NOT(ISNUMBER(C36)),"",ROUND(H36*30%,2)) | G36: =IF(NOT(ISNUMBER(C36)),"",ROUND(H36-F36,2)) | H36: =IF(NOT(ISNUMBER(C36)),"",ROUND(C36-D36,2)) | I36: =IF(NOT(ISNUMBER(C36)),"",ROUND(C36-SUM(D36,F36:G36),2)) | J36: =IF(COUNTA(B36:C36)=0,"",IF(B36="","Falta apartamento",IF(NOT(ISNUMBER(C36)),"Falta valor","Completo")))
A37: =IF(COUNTA(B37:C37)=0,"",29) | D37: =IF(NOT(ISNUMBER(C37)),"",ROUND(C37*30%,2)) | F37: =IF(NOT(ISNUMBER(C37)),"",ROUND(H37*30%,2)) | G37: =IF(NOT(ISNUMBER(C37)),"",ROUND(H37-F37,2)) | H37: =IF(NOT(ISNUMBER(C37)),"",ROUND(C37-D37,2)) | I37: =IF(NOT(ISNUMBER(C37)),"",ROUND(C37-SUM(D37,F37:G37),2)) | J37: =IF(COUNTA(B37:C37)=0,"",IF(B37="","Falta apartamento",IF(NOT(ISNUMBER(C37)),"Falta valor","Completo")))
A38: =IF(COUNTA(B38:C38)=0,"",30) | D38: =IF(NOT(ISNUMBER(C38)),"",ROUND(C38*30%,2)) | F38: =IF(NOT(ISNUMBER(C38)),"",ROUND(H38*30%,2)) | G38: =IF(NOT(ISNUMBER(C38)),"",ROUND(H38-F38,2)) | H38: =IF(NOT(ISNUMBER(C38)),"",ROUND(C38-D38,2)) | I38: =IF(NOT(ISNUMBER(C38)),"",ROUND(C38-SUM(D38,F38:G38),2)) | J38: =IF(COUNTA(B38:C38)=0,"",IF(B38="","Falta apartamento",IF(NOT(ISNUMBER(C38)),"Falta valor","Completo")))
A39: =IF(COUNTA(B39:C39)=0,"",31) | D39: =IF(NOT(ISNUMBER(C39)),"",ROUND(C39*30%,2)) | F39: =IF(NOT(ISNUMBER(C39)),"",ROUND(H39*30%,2)) | G39: =IF(NOT(ISNUMBER(C39)),"",ROUND(H39-F39,2)) | H39: =IF(NOT(ISNUMBER(C39)),"",ROUND(C39-D39,2)) | I39: =IF(NOT(ISNUMBER(C39)),"",ROUND(C39-SUM(D39,F39:G39),2)) | J39: =IF(COUNTA(B39:C39)=0,"",IF(B39="","Falta apartamento",IF(NOT(ISNUMBER(C39)),"Falta valor","Completo")))
A40: =IF(COUNTA(B40:C40)=0,"",32) | D40: =IF(NOT(ISNUMBER(C40)),"",ROUND(C40*30%,2)) | F40: =IF(NOT(ISNUMBER(C40)),"",ROUND(H40*30%,2)) | G40: =IF(NOT(ISNUMBER(C40)),"",ROUND(H40-F40,2)) | H40: =IF(NOT(ISNUMBER(C40)),"",ROUND(C40-D40,2)) | I40: =IF(NOT(ISNUMBER(C40)),"",ROUND(C40-SUM(D40,F40:G40),2)) | J40: =IF(COUNTA(B40:C40)=0,"",IF(B40="","Falta apartamento",IF(NOT(ISNUMBER(C40)),"Falta valor","Completo")))
A41: =IF(COUNTA(B41:C41)=0,"",33) | D41: =IF(NOT(ISNUMBER(C41)),"",ROUND(C41*30%,2)) | F41: =IF(NOT(ISNUMBER(C41)),"",ROUND(H41*30%,2)) | G41: =IF(NOT(ISNUMBER(C41)),"",ROUND(H41-F41,2)) | H41: =IF(NOT(ISNUMBER(C41)),"",ROUND(C41-D41,2)) | I41: =IF(NOT(ISNUMBER(C41)),"",ROUND(C41-SUM(D41,F41:G41),2)) | J41: =IF(COUNTA(B41:C41)=0,"",IF(B41="","Falta apartamento",IF(NOT(ISNUMBER(C41)),"Falta valor","Completo")))
A42: =IF(COUNTA(B42:C42)=0,"",34) | D42: =IF(NOT(ISNUMBER(C42)),"",ROUND(C42*30%,2)) | F42: =IF(NOT(ISNUMBER(C42)),"",ROUND(H42*30%,2)) | G42: =IF(NOT(ISNUMBER(C42)),"",ROUND(H42-F42,2)) | H42: =IF(NOT(ISNUMBER(C42)),"",ROUND(C42-D42,2)) | I42: =IF(NOT(ISNUMBER(C42)),"",ROUND(C42-SUM(D42,F42:G42),2)) | J42: =IF(COUNTA(B42:C42)=0,"",IF(B42="","Falta apartamento",IF(NOT(ISNUMBER(C42)),"Falta valor","Completo")))
A43: =IF(COUNTA(B43:C43)=0,"",35) | D43: =IF(NOT(ISNUMBER(C43)),"",ROUND(C43*30%,2)) | F43: =IF(NOT(ISNUMBER(C43)),"",ROUND(H43*30%,2)) | G43: =IF(NOT(ISNUMBER(C43)),"",ROUND(H43-F43,2)) | H43: =IF(NOT(ISNUMBER(C43)),"",ROUND(C43-D43,2)) | I43: =IF(NOT(ISNUMBER(C43)),"",ROUND(C43-SUM(D43,F43:G43),2)) | J43: =IF(COUNTA(B43:C43)=0,"",IF(B43="","Falta apartamento",IF(NOT(ISNUMBER(C43)),"Falta valor","Completo")))
A44: =IF(COUNTA(B44:C44)=0,"",36) | D44: =IF(NOT(ISNUMBER(C44)),"",ROUND(C44*30%,2)) | F44: =IF(NOT(ISNUMBER(C44)),"",ROUND(H44*30%,2)) | G44: =IF(NOT(ISNUMBER(C44)),"",ROUND(H44-F44,2)) | H44: =IF(NOT(ISNUMBER(C44)),"",ROUND(C44-D44,2)) | I44: =IF(NOT(ISNUMBER(C44)),"",ROUND(C44-SUM(D44,F44:G44),2)) | J44: =IF(COUNTA(B44:C44)=0,"",IF(B44="","Falta apartamento",IF(NOT(ISNUMBER(C44)),"Falta valor","Completo")))
A45: =IF(COUNTA(B45:C45)=0,"",37) | D45: =IF(NOT(ISNUMBER(C45)),"",ROUND(C45*30%,2)) | F45: =IF(NOT(ISNUMBER(C45)),"",ROUND(H45*30%,2)) | G45: =IF(NOT(ISNUMBER(C45)),"",ROUND(H45-F45,2)) | H45: =IF(NOT(ISNUMBER(C45)),"",ROUND(C45-D45,2)) | I45: =IF(NOT(ISNUMBER(C45)),"",ROUND(C45-SUM(D45,F45:G45),2)) | J45: =IF(COUNTA(B45:C45)=0,"",IF(B45="","Falta apartamento",IF(NOT(ISNUMBER(C45)),"Falta valor","Completo")))
A46: =IF(COUNTA(B46:C46)=0,"",38) | D46: =IF(NOT(ISNUMBER(C46)),"",ROUND(C46*30%,2)) | F46: =IF(NOT(ISNUMBER(C46)),"",ROUND(H46*30%,2)) | G46: =IF(NOT(ISNUMBER(C46)),"",ROUND(H46-F46,2)) | H46: =IF(NOT(ISNUMBER(C46)),"",ROUND(C46-D46,2)) | I46: =IF(NOT(ISNUMBER(C46)),"",ROUND(C46-SUM(D46,F46:G46),2)) | J46: =IF(COUNTA(B46:C46)=0,"",IF(B46="","Falta apartamento",IF(NOT(ISNUMBER(C46)),"Falta valor","Completo")))
A47: =IF(COUNTA(B47:C47)=0,"",39) | D47: =IF(NOT(ISNUMBER(C47)),"",ROUND(C47*30%,2)) | F47: =IF(NOT(ISNUMBER(C47)),"",ROUND(H47*30%,2)) | G47: =IF(NOT(ISNUMBER(C47)),"",ROUND(H47-F47,2)) | H47: =IF(NOT(ISNUMBER(C47)),"",ROUND(C47-D47,2)) | I47: =IF(NOT(ISNUMBER(C47)),"",ROUND(C47-SUM(D47,F47:G47),2)) | J47: =IF(COUNTA(B47:C47)=0,"",IF(B47="","Falta apartamento",IF(NOT(ISNUMBER(C47)),"Falta valor","Completo")))
A48: =IF(COUNTA(B48:C48)=0,"",40) | D48: =IF(NOT(ISNUMBER(C48)),"",ROUND(C48*30%,2)) | F48: =IF(NOT(ISNUMBER(C48)),"",ROUND(H48*30%,2)) | G48: =IF(NOT(ISNUMBER(C48)),"",ROUND(H48-F48,2)) | H48: =IF(NOT(ISNUMBER(C48)),"",ROUND(C48-D48,2)) | I48: =IF(NOT(ISNUMBER(C48)),"",ROUND(C48-SUM(D48,F48:G48),2)) | J48: =IF(COUNTA(B48:C48)=0,"",IF(B48="","Falta apartamento",IF(NOT(ISNUMBER(C48)),"Falta valor","Completo")))
A49: =IF(COUNTA(B49:C49)=0,"",41) | D49: =IF(NOT(ISNUMBER(C49)),"",ROUND(C49*30%,2)) | F49: =IF(NOT(ISNUMBER(C49)),"",ROUND(H49*30%,2)) | G49: =IF(NOT(ISNUMBER(C49)),"",ROUND(H49-F49,2)) | H49: =IF(NOT(ISNUMBER(C49)),"",ROUND(C49-D49,2)) | I49: =IF(NOT(ISNUMBER(C49)),"",ROUND(C49-SUM(D49,F49:G49),2)) | J49: =IF(COUNTA(B49:C49)=0,"",IF(B49="","Falta apartamento",IF(NOT(ISNUMBER(C49)),"Falta valor","Completo")))
A50: =IF(COUNTA(B50:C50)=0,"",42) | D50: =IF(NOT(ISNUMBER(C50)),"",ROUND(C50*30%,2)) | F50: =IF(NOT(ISNUMBER(C50)),"",ROUND(H50*30%,2)) | G50: =IF(NOT(ISNUMBER(C50)),"",ROUND(H50-F50,2)) | H50: =IF(NOT(ISNUMBER(C50)),"",ROUND(C50-D50,2)) | I50: =IF(NOT(ISNUMBER(C50)),"",ROUND(C50-SUM(D50,F50:G50),2)) | J50: =IF(COUNTA(B50:C50)=0,"",IF(B50="","Falta apartamento",IF(NOT(ISNUMBER(C50)),"Falta valor","Completo")))
A51: =IF(COUNTA(B51:C51)=0,"",43) | D51: =IF(NOT(ISNUMBER(C51)),"",ROUND(C51*30%,2)) | F51: =IF(NOT(ISNUMBER(C51)),"",ROUND(H51*30%,2)) | G51: =IF(NOT(ISNUMBER(C51)),"",ROUND(H51-F51,2)) | H51: =IF(NOT(ISNUMBER(C51)),"",ROUND(C51-D51,2)) | I51: =IF(NOT(ISNUMBER(C51)),"",ROUND(C51-SUM(D51,F51:G51),2)) | J51: =IF(COUNTA(B51:C51)=0,"",IF(B51="","Falta apartamento",IF(NOT(ISNUMBER(C51)),"Falta valor","Completo")))
A52: =IF(COUNTA(B52:C52)=0,"",44) | D52: =IF(NOT(ISNUMBER(C52)),"",ROUND(C52*30%,2)) | F52: =IF(NOT(ISNUMBER(C52)),"",ROUND(H52*30%,2)) | G52: =IF(NOT(ISNUMBER(C52)),"",ROUND(H52-F52,2)) | H52: =IF(NOT(ISNUMBER(C52)),"",ROUND(C52-D52,2)) | I52: =IF(NOT(ISNUMBER(C52)),"",ROUND(C52-SUM(D52,F52:G52),2)) | J52: =IF(COUNTA(B52:C52)=0,"",IF(B52="","Falta apartamento",IF(NOT(ISNUMBER(C52)),"Falta valor","Completo")))
A53: =IF(COUNTA(B53:C53)=0,"",45) | D53: =IF(NOT(ISNUMBER(C53)),"",ROUND(C53*30%,2)) | F53: =IF(NOT(ISNUMBER(C53)),"",ROUND(H53*30%,2)) | G53: =IF(NOT(ISNUMBER(C53)),"",ROUND(H53-F53,2)) | H53: =IF(NOT(ISNUMBER(C53)),"",ROUND(C53-D53,2)) | I53: =IF(NOT(ISNUMBER(C53)),"",ROUND(C53-SUM(D53,F53:G53),2)) | J53: =IF(COUNTA(B53:C53)=0,"",IF(B53="","Falta apartamento",IF(NOT(ISNUMBER(C53)),"Falta valor","Completo")))
A54: =IF(COUNTA(B54:C54)=0,"",46) | D54: =IF(NOT(ISNUMBER(C54)),"",ROUND(C54*30%,2)) | F54: =IF(NOT(ISNUMBER(C54)),"",ROUND(H54*30%,2)) | G54: =IF(NOT(ISNUMBER(C54)),"",ROUND(H54-F54,2)) | H54: =IF(NOT(ISNUMBER(C54)),"",ROUND(C54-D54,2)) | I54: =IF(NOT(ISNUMBER(C54)),"",ROUND(C54-SUM(D54,F54:G54),2)) | J54: =IF(COUNTA(B54:C54)=0,"",IF(B54="","Falta apartamento",IF(NOT(ISNUMBER(C54)),"Falta valor","Completo")))
A55: =IF(COUNTA(B55:C55)=0,"",47) | D55: =IF(NOT(ISNUMBER(C55)),"",ROUND(C55*30%,2)) | F55: =IF(NOT(ISNUMBER(C55)),"",ROUND(H55*30%,2)) | G55: =IF(NOT(ISNUMBER(C55)),"",ROUND(H55-F55,2)) | H55: =IF(NOT(ISNUMBER(C55)),"",ROUND(C55-D55,2)) | I55: =IF(NOT(ISNUMBER(C55)),"",ROUND(C55-SUM(D55,F55:G55),2)) | J55: =IF(COUNTA(B55:C55)=0,"",IF(B55="","Falta apartamento",IF(NOT(ISNUMBER(C55)),"Falta valor","Completo")))
A56: =IF(COUNTA(B56:C56)=0,"",48) | D56: =IF(NOT(ISNUMBER(C56)),"",ROUND(C56*30%,2)) | F56: =IF(NOT(ISNUMBER(C56)),"",ROUND(H56*30%,2)) | G56: =IF(NOT(ISNUMBER(C56)),"",ROUND(H56-F56,2)) | H56: =IF(NOT(ISNUMBER(C56)),"",ROUND(C56-D56,2)) | I56: =IF(NOT(ISNUMBER(C56)),"",ROUND(C56-SUM(D56,F56:G56),2)) | J56: =IF(COUNTA(B56:C56)=0,"",IF(B56="","Falta apartamento",IF(NOT(ISNUMBER(C56)),"Falta valor","Completo")))
A57: =IF(COUNTA(B57:C57)=0,"",49) | D57: =IF(NOT(ISNUMBER(C57)),"",ROUND(C57*30%,2)) | F57: =IF(NOT(ISNUMBER(C57)),"",ROUND(H57*30%,2)) | G57: =IF(NOT(ISNUMBER(C57)),"",ROUND(H57-F57,2)) | H57: =IF(NOT(ISNUMBER(C57)),"",ROUND(C57-D57,2)) | I57: =IF(NOT(ISNUMBER(C57)),"",ROUND(C57-SUM(D57,F57:G57),2)) | J57: =IF(COUNTA(B57:C57)=0,"",IF(B57="","Falta apartamento",IF(NOT(ISNUMBER(C57)),"Falta valor","Completo")))
A58: =IF(COUNTA(B58:C58)=0,"",50) | D58: =IF(NOT(ISNUMBER(C58)),"",ROUND(C58*30%,2)) | F58: =IF(NOT(ISNUMBER(C58)),"",ROUND(H58*30%,2)) | G58: =IF(NOT(ISNUMBER(C58)),"",ROUND(H58-F58,2)) | H58: =IF(NOT(ISNUMBER(C58)),"",ROUND(C58-D58,2)) | I58: =IF(NOT(ISNUMBER(C58)),"",ROUND(C58-SUM(D58,F58:G58),2)) | J58: =IF(COUNTA(B58:C58)=0,"",IF(B58="","Falta apartamento",IF(NOT(ISNUMBER(C58)),"Falta valor","Completo")))
A59: =IF(COUNTA(B59:C59)=0,"",51) | D59: =IF(NOT(ISNUMBER(C59)),"",ROUND(C59*30%,2)) | F59: =IF(NOT(ISNUMBER(C59)),"",ROUND(H59*30%,2)) | G59: =IF(NOT(ISNUMBER(C59)),"",ROUND(H59-F59,2)) | H59: =IF(NOT(ISNUMBER(C59)),"",ROUND(C59-D59,2)) | I59: =IF(NOT(ISNUMBER(C59)),"",ROUND(C59-SUM(D59,F59:G59),2)) | J59: =IF(COUNTA(B59:C59)=0,"",IF(B59="","Falta apartamento",IF(NOT(ISNUMBER(C59)),"Falta valor","Completo")))
A60: =IF(COUNTA(B60:C60)=0,"",52) | D60: =IF(NOT(ISNUMBER(C60)),"",ROUND(C60*30%,2)) | F60: =IF(NOT(ISNUMBER(C60)),"",ROUND(H60*30%,2)) | G60: =IF(NOT(ISNUMBER(C60)),"",ROUND(H60-F60,2)) | H60: =IF(NOT(ISNUMBER(C60)),"",ROUND(C60-D60,2)) | I60: =IF(NOT(ISNUMBER(C60)),"",ROUND(C60-SUM(D60,F60:G60),2)) | J60: =IF(COUNTA(B60:C60)=0,"",IF(B60="","Falta apartamento",IF(NOT(ISNUMBER(C60)),"Falta valor","Completo")))
A61: =IF(COUNTA(B61:C61)=0,"",53) | D61: =IF(NOT(ISNUMBER(C61)),"",ROUND(C61*30%,2)) | F61: =IF(NOT(ISNUMBER(C61)),"",ROUND(H61*30%,2)) | G61: =IF(NOT(ISNUMBER(C61)),"",ROUND(H61-F61,2)) | H61: =IF(NOT(ISNUMBER(C61)),"",ROUND(C61-D61,2)) | I61: =IF(NOT(ISNUMBER(C61)),"",ROUND(C61-SUM(D61,F61:G61),2)) | J61: =IF(COUNTA(B61:C61)=0,"",IF(B61="","Falta apartamento",IF(NOT(ISNUMBER(C61)),"Falta valor","Completo")))
A62: =IF(COUNTA(B62:C62)=0,"",54) | D62: =IF(NOT(ISNUMBER(C62)),"",ROUND(C62*30%,2)) | F62: =IF(NOT(ISNUMBER(C62)),"",ROUND(H62*30%,2)) | G62: =IF(NOT(ISNUMBER(C62)),"",ROUND(H62-F62,2)) | H62: =IF(NOT(ISNUMBER(C62)),"",ROUND(C62-D62,2)) | I62: =IF(NOT(ISNUMBER(C62)),"",ROUND(C62-SUM(D62,F62:G62),2)) | J62: =IF(COUNTA(B62:C62)=0,"",IF(B62="","Falta apartamento",IF(NOT(ISNUMBER(C62)),"Falta valor","Completo")))
A63: =IF(COUNTA(B63:C63)=0,"",55) | D63: =IF(NOT(ISNUMBER(C63)),"",ROUND(C63*30%,2)) | F63: =IF(NOT(ISNUMBER(C63)),"",ROUND(H63*30%,2)) | G63: =IF(NOT(ISNUMBER(C63)),"",ROUND(H63-F63,2)) | H63: =IF(NOT(ISNUMBER(C63)),"",ROUND(C63-D63,2)) | I63: =IF(NOT(ISNUMBER(C63)),"",ROUND(C63-SUM(D63,F63:G63),2)) | J63: =IF(COUNTA(B63:C63)=0,"",IF(B63="","Falta apartamento",IF(NOT(ISNUMBER(C63)),"Falta valor","Completo")))
A64: =IF(COUNTA(B64:C64)=0,"",56) | D64: =IF(NOT(ISNUMBER(C64)),"",ROUND(C64*30%,2)) | F64: =IF(NOT(ISNUMBER(C64)),"",ROUND(H64*30%,2)) | G64: =IF(NOT(ISNUMBER(C64)),"",ROUND(H64-F64,2)) | H64: =IF(NOT(ISNUMBER(C64)),"",ROUND(C64-D64,2)) | I64: =IF(NOT(ISNUMBER(C64)),"",ROUND(C64-SUM(D64,F64:G64),2)) | J64: =IF(COUNTA(B64:C64)=0,"",IF(B64="","Falta apartamento",IF(NOT(ISNUMBER(C64)),"Falta valor","Completo")))
A65: =IF(COUNTA(B65:C65)=0,"",57) | D65: =IF(NOT(ISNUMBER(C65)),"",ROUND(C65*30%,2)) | F65: =IF(NOT(ISNUMBER(C65)),"",ROUND(H65*30%,2)) | G65: =IF(NOT(ISNUMBER(C65)),"",ROUND(H65-F65,2)) | H65: =IF(NOT(ISNUMBER(C65)),"",ROUND(C65-D65,2)) | I65: =IF(NOT(ISNUMBER(C65)),"",ROUND(C65-SUM(D65,F65:G65),2)) | J65: =IF(COUNTA(B65:C65)=0,"",IF(B65="","Falta apartamento",IF(NOT(ISNUMBER(C65)),"Falta valor","Completo")))
A66: =IF(COUNTA(B66:C66)=0,"",58) | D66: =IF(NOT(ISNUMBER(C66)),"",ROUND(C66*30%,2)) | F66: =IF(NOT(ISNUMBER(C66)),"",ROUND(H66*30%,2)) | G66: =IF(NOT(ISNUMBER(C66)),"",ROUND(H66-F66,2)) | H66: =IF(NOT(ISNUMBER(C66)),"",ROUND(C66-D66,2)) | I66: =IF(NOT(ISNUMBER(C66)),"",ROUND(C66-SUM(D66,F66:G66),2)) | J66: =IF(COUNTA(B66:C66)=0,"",IF(B66="","Falta apartamento",IF(NOT(ISNUMBER(C66)),"Falta valor","Completo")))
A67: =IF(COUNTA(B67:C67)=0,"",59) | D67: =IF(NOT(ISNUMBER(C67)),"",ROUND(C67*30%,2)) | F67: =IF(NOT(ISNUMBER(C67)),"",ROUND(H67*30%,2)) | G67: =IF(NOT(ISNUMBER(C67)),"",ROUND(H67-F67,2)) | H67: =IF(NOT(ISNUMBER(C67)),"",ROUND(C67-D67,2)) | I67: =IF(NOT(ISNUMBER(C67)),"",ROUND(C67-SUM(D67,F67:G67),2)) | J67: =IF(COUNTA(B67:C67)=0,"",IF(B67="","Falta apartamento",IF(NOT(ISNUMBER(C67)),"Falta valor","Completo")))
A68: =IF(COUNTA(B68:C68)=0,"",60) | D68: =IF(NOT(ISNUMBER(C68)),"",ROUND(C68*30%,2)) | F68: =IF(NOT(ISNUMBER(C68)),"",ROUND(H68*30%,2)) | G68: =IF(NOT(ISNUMBER(C68)),"",ROUND(H68-F68,2)) | H68: =IF(NOT(ISNUMBER(C68)),"",ROUND(C68-D68,2)) | I68: =IF(NOT(ISNUMBER(C68)),"",ROUND(C68-SUM(D68,F68:G68),2)) | J68: =IF(COUNTA(B68:C68)=0,"",IF(B68="","Falta apartamento",IF(NOT(ISNUMBER(C68)),"Falta valor","Completo")))
A69: =IF(COUNTA(B69:C69)=0,"",61) | D69: =IF(NOT(ISNUMBER(C69)),"",ROUND(C69*30%,2)) | F69: =IF(NOT(ISNUMBER(C69)),"",ROUND(H69*30%,2)) | G69: =IF(NOT(ISNUMBER(C69)),"",ROUND(H69-F69,2)) | H69: =IF(NOT(ISNUMBER(C69)),"",ROUND(C69-D69,2)) | I69: =IF(NOT(ISNUMBER(C69)),"",ROUND(C69-SUM(D69,F69:G69),2)) | J69: =IF(COUNTA(B69:C69)=0,"",IF(B69="","Falta apartamento",IF(NOT(ISNUMBER(C69)),"Falta valor","Completo")))
A70: =IF(COUNTA(B70:C70)=0,"",62) | D70: =IF(NOT(ISNUMBER(C70)),"",ROUND(C70*30%,2)) | F70: =IF(NOT(ISNUMBER(C70)),"",ROUND(H70*30%,2)) | G70: =IF(NOT(ISNUMBER(C70)),"",ROUND(H70-F70,2)) | H70: =IF(NOT(ISNUMBER(C70)),"",ROUND(C70-D70,2)) | I70: =IF(NOT(ISNUMBER(C70)),"",ROUND(C70-SUM(D70,F70:G70),2)) | J70: =IF(COUNTA(B70:C70)=0,"",IF(B70="","Falta apartamento",IF(NOT(ISNUMBER(C70)),"Falta valor","Completo")))
A71: =IF(COUNTA(B71:C71)=0,"",63) | D71: =IF(NOT(ISNUMBER(C71)),"",ROUND(C71*30%,2)) | F71: =IF(NOT(ISNUMBER(C71)),"",ROUND(H71*30%,2)) | G71: =IF(NOT(ISNUMBER(C71)),"",ROUND(H71-F71,2)) | H71: =IF(NOT(ISNUMBER(C71)),"",ROUND(C71-D71,2)) | I71: =IF(NOT(ISNUMBER(C71)),"",ROUND(C71-SUM(D71,F71:G71),2)) | J71: =IF(COUNTA(B71:C71)=0,"",IF(B71="","Falta apartamento",IF(NOT(ISNUMBER(C71)),"Falta valor","Completo")))
A72: =IF(COUNTA(B72:C72)=0,"",64) | D72: =IF(NOT(ISNUMBER(C72)),"",ROUND(C72*30%,2)) | F72: =IF(NOT(ISNUMBER(C72)),"",ROUND(H72*30%,2)) | G72: =IF(NOT(ISNUMBER(C72)),"",ROUND(H72-F72,2)) | H72: =IF(NOT(ISNUMBER(C72)),"",ROUND(C72-D72,2)) | I72: =IF(NOT(ISNUMBER(C72)),"",ROUND(C72-SUM(D72,F72:G72),2)) | J72: =IF(COUNTA(B72:C72)=0,"",IF(B72="","Falta apartamento",IF(NOT(ISNUMBER(C72)),"Falta valor","Completo")))
A73: =IF(COUNTA(B73:C73)=0,"",65) | D73: =IF(NOT(ISNUMBER(C73)),"",ROUND(C73*30%,2)) | F73: =IF(NOT(ISNUMBER(C73)),"",ROUND(H73*30%,2)) | G73: =IF(NOT(ISNUMBER(C73)),"",ROUND(H73-F73,2)) | H73: =IF(NOT(ISNUMBER(C73)),"",ROUND(C73-D73,2)) | I73: =IF(NOT(ISNUMBER(C73)),"",ROUND(C73-SUM(D73,F73:G73),2)) | J73: =IF(COUNTA(B73:C73)=0,"",IF(B73="","Falta apartamento",IF(NOT(ISNUMBER(C73)),"Falta valor","Completo")))
A74: =IF(COUNTA(B74:C74)=0,"",66) | D74: =IF(NOT(ISNUMBER(C74)),"",ROUND(C74*30%,2)) | F74: =IF(NOT(ISNUMBER(C74)),"",ROUND(H74*30%,2)) | G74: =IF(NOT(ISNUMBER(C74)),"",ROUND(H74-F74,2)) | H74: =IF(NOT(ISNUMBER(C74)),"",ROUND(C74-D74,2)) | I74: =IF(NOT(ISNUMBER(C74)),"",ROUND(C74-SUM(D74,F74:G74),2)) | J74: =IF(COUNTA(B74:C74)=0,"",IF(B74="","Falta apartamento",IF(NOT(ISNUMBER(C74)),"Falta valor","Completo")))
A75: =IF(COUNTA(B75:C75)=0,"",67) | D75: =IF(NOT(ISNUMBER(C75)),"",ROUND(C75*30%,2)) | F75: =IF(NOT(ISNUMBER(C75)),"",ROUND(H75*30%,2)) | G75: =IF(NOT(ISNUMBER(C75)),"",ROUND(H75-F75,2)) | H75: =IF(NOT(ISNUMBER(C75)),"",ROUND(C75-D75,2)) | I75: =IF(NOT(ISNUMBER(C75)),"",ROUND(C75-SUM(D75,F75:G75),2)) | J75: =IF(COUNTA(B75:C75)=0,"",IF(B75="","Falta apartamento",IF(NOT(ISNUMBER(C75)),"Falta valor","Completo")))
A76: =IF(COUNTA(B76:C76)=0,"",68) | D76: =IF(NOT(ISNUMBER(C76)),"",ROUND(C76*30%,2)) | F76: =IF(NOT(ISNUMBER(C76)),"",ROUND(H76*30%,2)) | G76: =IF(NOT(ISNUMBER(C76)),"",ROUND(H76-F76,2)) | H76: =IF(NOT(ISNUMBER(C76)),"",ROUND(C76-D76,2)) | I76: =IF(NOT(ISNUMBER(C76)),"",ROUND(C76-SUM(D76,F76:G76),2)) | J76: =IF(COUNTA(B76:C76)=0,"",IF(B76="","Falta apartamento",IF(NOT(ISNUMBER(C76)),"Falta valor","Completo")))
A77: =IF(COUNTA(B77:C77)=0,"",69) | D77: =IF(NOT(ISNUMBER(C77)),"",ROUND(C77*30%,2)) | F77: =IF(NOT(ISNUMBER(C77)),"",ROUND(H77*30%,2)) | G77: =IF(NOT(ISNUMBER(C77)),"",ROUND(H77-F77,2)) | H77: =IF(NOT(ISNUMBER(C77)),"",ROUND(C77-D77,2)) | I77: =IF(NOT(ISNUMBER(C77)),"",ROUND(C77-SUM(D77,F77:G77),2)) | J77: =IF(COUNTA(B77:C77)=0,"",IF(B77="","Falta apartamento",IF(NOT(ISNUMBER(C77)),"Falta valor","Completo")))
A78: =IF(COUNTA(B78:C78)=0,"",70) | D78: =IF(NOT(ISNUMBER(C78)),"",ROUND(C78*30%,2)) | F78: =IF(NOT(ISNUMBER(C78)),"",ROUND(H78*30%,2)) | G78: =IF(NOT(ISNUMBER(C78)),"",ROUND(H78-F78,2)) | H78: =IF(NOT(ISNUMBER(C78)),"",ROUND(C78-D78,2)) | I78: =IF(NOT(ISNUMBER(C78)),"",ROUND(C78-SUM(D78,F78:G78),2)) | J78: =IF(COUNTA(B78:C78)=0,"",IF(B78="","Falta apartamento",IF(NOT(ISNUMBER(C78)),"Falta valor","Completo")))
A79: =IF(COUNTA(B79:C79)=0,"",71) | D79: =IF(NOT(ISNUMBER(C79)),"",ROUND(C79*30%,2)) | F79: =IF(NOT(ISNUMBER(C79)),"",ROUND(H79*30%,2)) | G79: =IF(NOT(ISNUMBER(C79)),"",ROUND(H79-F79,2)) | H79: =IF(NOT(ISNUMBER(C79)),"",ROUND(C79-D79,2)) | I79: =IF(NOT(ISNUMBER(C79)),"",ROUND(C79-SUM(D79,F79:G79),2)) | J79: =IF(COUNTA(B79:C79)=0,"",IF(B79="","Falta apartamento",IF(NOT(ISNUMBER(C79)),"Falta valor","Completo")))
A80: =IF(COUNTA(B80:C80)=0,"",72) | D80: =IF(NOT(ISNUMBER(C80)),"",ROUND(C80*30%,2)) | F80: =IF(NOT(ISNUMBER(C80)),"",ROUND(H80*30%,2)) | G80: =IF(NOT(ISNUMBER(C80)),"",ROUND(H80-F80,2)) | H80: =IF(NOT(ISNUMBER(C80)),"",ROUND(C80-D80,2)) | I80: =IF(NOT(ISNUMBER(C80)),"",ROUND(C80-SUM(D80,F80:G80),2)) | J80: =IF(COUNTA(B80:C80)=0,"",IF(B80="","Falta apartamento",IF(NOT(ISNUMBER(C80)),"Falta valor","Completo")))
A81: =IF(COUNTA(B81:C81)=0,"",73) | D81: =IF(NOT(ISNUMBER(C81)),"",ROUND(C81*30%,2)) | F81: =IF(NOT(ISNUMBER(C81)),"",ROUND(H81*30%,2)) | G81: =IF(NOT(ISNUMBER(C81)),"",ROUND(H81-F81,2)) | H81: =IF(NOT(ISNUMBER(C81)),"",ROUND(C81-D81,2)) | I81: =IF(NOT(ISNUMBER(C81)),"",ROUND(C81-SUM(D81,F81:G81),2)) | J81: =IF(COUNTA(B81:C81)=0,"",IF(B81="","Falta apartamento",IF(NOT(ISNUMBER(C81)),"Falta valor","Completo")))
A82: =IF(COUNTA(B82:C82)=0,"",74) | D82: =IF(NOT(ISNUMBER(C82)),"",ROUND(C82*30%,2)) | F82: =IF(NOT(ISNUMBER(C82)),"",ROUND(H82*30%,2)) | G82: =IF(NOT(ISNUMBER(C82)),"",ROUND(H82-F82,2)) | H82: =IF(NOT(ISNUMBER(C82)),"",ROUND(C82-D82,2)) | I82: =IF(NOT(ISNUMBER(C82)),"",ROUND(C82-SUM(D82,F82:G82),2)) | J82: =IF(COUNTA(B82:C82)=0,"",IF(B82="","Falta apartamento",IF(NOT(ISNUMBER(C82)),"Falta valor","Completo")))
A83: =IF(COUNTA(B83:C83)=0,"",75) | D83: =IF(NOT(ISNUMBER(C83)),"",ROUND(C83*30%,2)) | F83: =IF(NOT(ISNUMBER(C83)),"",ROUND(H83*30%,2)) | G83: =IF(NOT(ISNUMBER(C83)),"",ROUND(H83-F83,2)) | H83: =IF(NOT(ISNUMBER(C83)),"",ROUND(C83-D83,2)) | I83: =IF(NOT(ISNUMBER(C83)),"",ROUND(C83-SUM(D83,F83:G83),2)) | J83: =IF(COUNTA(B83:C83)=0,"",IF(B83="","Falta apartamento",IF(NOT(ISNUMBER(C83)),"Falta valor","Completo")))
A84: =IF(COUNTA(B84:C84)=0,"",76) | D84: =IF(NOT(ISNUMBER(C84)),"",ROUND(C84*30%,2)) | F84: =IF(NOT(ISNUMBER(C84)),"",ROUND(H84*30%,2)) | G84: =IF(NOT(ISNUMBER(C84)),"",ROUND(H84-F84,2)) | H84: =IF(NOT(ISNUMBER(C84)),"",ROUND(C84-D84,2)) | I84: =IF(NOT(ISNUMBER(C84)),"",ROUND(C84-SUM(D84,F84:G84),2)) | J84: =IF(COUNTA(B84:C84)=0,"",IF(B84="","Falta apartamento",IF(NOT(ISNUMBER(C84)),"Falta valor","Completo")))
A85: =IF(COUNTA(B85:C85)=0,"",77) | D85: =IF(NOT(ISNUMBER(C85)),"",ROUND(C85*30%,2)) | F85: =IF(NOT(ISNUMBER(C85)),"",ROUND(H85*30%,2)) | G85: =IF(NOT(ISNUMBER(C85)),"",ROUND(H85-F85,2)) | H85: =IF(NOT(ISNUMBER(C85)),"",ROUND(C85-D85,2)) | I85: =IF(NOT(ISNUMBER(C85)),"",ROUND(C85-SUM(D85,F85:G85),2)) | J85: =IF(COUNTA(B85:C85)=0,"",IF(B85="","Falta apartamento",IF(NOT(ISNUMBER(C85)),"Falta valor","Completo")))
A86: =IF(COUNTA(B86:C86)=0,"",78) | D86: =IF(NOT(ISNUMBER(C86)),"",ROUND(C86*30%,2)) | F86: =IF(NOT(ISNUMBER(C86)),"",ROUND(H86*30%,2)) | G86: =IF(NOT(ISNUMBER(C86)),"",ROUND(H86-F86,2)) | H86: =IF(NOT(ISNUMBER(C86)),"",ROUND(C86-D86,2)) | I86: =IF(NOT(ISNUMBER(C86)),"",ROUND(C86-SUM(D86,F86:G86),2)) | J86: =IF(COUNTA(B86:C86)=0,"",IF(B86="","Falta apartamento",IF(NOT(ISNUMBER(C86)),"Falta valor","Completo")))
A87: =IF(COUNTA(B87:C87)=0,"",79) | D87: =IF(NOT(ISNUMBER(C87)),"",ROUND(C87*30%,2)) | F87: =IF(NOT(ISNUMBER(C87)),"",ROUND(H87*30%,2)) | G87: =IF(NOT(ISNUMBER(C87)),"",ROUND(H87-F87,2)) | H87: =IF(NOT(ISNUMBER(C87)),"",ROUND(C87-D87,2)) | I87: =IF(NOT(ISNUMBER(C87)),"",ROUND(C87-SUM(D87,F87:G87),2)) | J87: =IF(COUNTA(B87:C87)=0,"",IF(B87="","Falta apartamento",IF(NOT(ISNUMBER(C87)),"Falta valor","Completo")))
A88: =IF(COUNTA(B88:C88)=0,"",80) | D88: =IF(NOT(ISNUMBER(C88)),"",ROUND(C88*30%,2)) | F88: =IF(NOT(ISNUMBER(C88)),"",ROUND(H88*30%,2)) | G88: =IF(NOT(ISNUMBER(C88)),"",ROUND(H88-F88,2)) | H88: =IF(NOT(ISNUMBER(C88)),"",ROUND(C88-D88,2)) | I88: =IF(NOT(ISNUMBER(C88)),"",ROUND(C88-SUM(D88,F88:G88),2)) | J88: =IF(COUNTA(B88:C88)=0,"",IF(B88="","Falta apartamento",IF(NOT(ISNUMBER(C88)),"Falta valor","Completo")))
A89: =IF(COUNTA(B89:C89)=0,"",81) | D89: =IF(NOT(ISNUMBER(C89)),"",ROUND(C89*30%,2)) | F89: =IF(NOT(ISNUMBER(C89)),"",ROUND(H89*30%,2)) | G89: =IF(NOT(ISNUMBER(C89)),"",ROUND(H89-F89,2)) | H89: =IF(NOT(ISNUMBER(C89)),"",ROUND(C89-D89,2)) | I89: =IF(NOT(ISNUMBER(C89)),"",ROUND(C89-SUM(D89,F89:G89),2)) | J89: =IF(COUNTA(B89:C89)=0,"",IF(B89="","Falta apartamento",IF(NOT(ISNUMBER(C89)),"Falta valor","Completo")))
A90: =IF(COUNTA(B90:C90)=0,"",82) | D90: =IF(NOT(ISNUMBER(C90)),"",ROUND(C90*30%,2)) | F90: =IF(NOT(ISNUMBER(C90)),"",ROUND(H90*30%,2)) | G90: =IF(NOT(ISNUMBER(C90)),"",ROUND(H90-F90,2)) | H90: =IF(NOT(ISNUMBER(C90)),"",ROUND(C90-D90,2)) | I90: =IF(NOT(ISNUMBER(C90)),"",ROUND(C90-SUM(D90,F90:G90),2)) | J90: =IF(COUNTA(B90:C90)=0,"",IF(B90="","Falta apartamento",IF(NOT(ISNUMBER(C90)),"Falta valor","Completo")))
A91: =IF(COUNTA(B91:C91)=0,"",83) | D91: =IF(NOT(ISNUMBER(C91)),"",ROUND(C91*30%,2)) | F91: =IF(NOT(ISNUMBER(C91)),"",ROUND(H91*30%,2)) | G91: =IF(NOT(ISNUMBER(C91)),"",ROUND(H91-F91,2)) | H91: =IF(NOT(ISNUMBER(C91)),"",ROUND(C91-D91,2)) | I91: =IF(NOT(ISNUMBER(C91)),"",ROUND(C91-SUM(D91,F91:G91),2)) | J91: =IF(COUNTA(B91:C91)=0,"",IF(B91="","Falta apartamento",IF(NOT(ISNUMBER(C91)),"Falta valor","Completo")))
A92: =IF(COUNTA(B92:C92)=0,"",84) | D92: =IF(NOT(ISNUMBER(C92)),"",ROUND(C92*30%,2)) | F92: =IF(NOT(ISNUMBER(C92)),"",ROUND(H92*30%,2)) | G92: =IF(NOT(ISNUMBER(C92)),"",ROUND(H92-F92,2)) | H92: =IF(NOT(ISNUMBER(C92)),"",ROUND(C92-D92,2)) | I92: =IF(NOT(ISNUMBER(C92)),"",ROUND(C92-SUM(D92,F92:G92),2)) | J92: =IF(COUNTA(B92:C92)=0,"",IF(B92="","Falta apartamento",IF(NOT(ISNUMBER(C92)),"Falta valor","Completo")))
A93: =IF(COUNTA(B93:C93)=0,"",85) | D93: =IF(NOT(ISNUMBER(C93)),"",ROUND(C93*30%,2)) | F93: =IF(NOT(ISNUMBER(C93)),"",ROUND(H93*30%,2)) | G93: =IF(NOT(ISNUMBER(C93)),"",ROUND(H93-F93,2)) | H93: =IF(NOT(ISNUMBER(C93)),"",ROUND(C93-D93,2)) | I93: =IF(NOT(ISNUMBER(C93)),"",ROUND(C93-SUM(D93,F93:G93),2)) | J93: =IF(COUNTA(B93:C93)=0,"",IF(B93="","Falta apartamento",IF(NOT(ISNUMBER(C93)),"Falta valor","Completo")))
A94: =IF(COUNTA(B94:C94)=0,"",86) | D94: =IF(NOT(ISNUMBER(C94)),"",ROUND(C94*30%,2)) | F94: =IF(NOT(ISNUMBER(C94)),"",ROUND(H94*30%,2)) | G94: =IF(NOT(ISNUMBER(C94)),"",ROUND(H94-F94,2)) | H94: =IF(NOT(ISNUMBER(C94)),"",ROUND(C94-D94,2)) | I94: =IF(NOT(ISNUMBER(C94)),"",ROUND(C94-SUM(D94,F94:G94),2)) | J94: =IF(COUNTA(B94:C94)=0,"",IF(B94="","Falta apartamento",IF(NOT(ISNUMBER(C94)),"Falta valor","Completo")))
A95: =IF(COUNTA(B95:C95)=0,"",87) | D95: =IF(NOT(ISNUMBER(C95)),"",ROUND(C95*30%,2)) | F95: =IF(NOT(ISNUMBER(C95)),"",ROUND(H95*30%,2)) | G95: =IF(NOT(ISNUMBER(C95)),"",ROUND(H95-F95,2)) | H95: =IF(NOT(ISNUMBER(C95)),"",ROUND(C95-D95,2)) | I95: =IF(NOT(ISNUMBER(C95)),"",ROUND(C95-SUM(D95,F95:G95),2)) | J95: =IF(COUNTA(B95:C95)=0,"",IF(B95="","Falta apartamento",IF(NOT(ISNUMBER(C95)),"Falta valor","Completo")))
A96: =IF(COUNTA(B96:C96)=0,"",88) | D96: =IF(NOT(ISNUMBER(C96)),"",ROUND(C96*30%,2)) | F96: =IF(NOT(ISNUMBER(C96)),"",ROUND(H96*30%,2)) | G96: =IF(NOT(ISNUMBER(C96)),"",ROUND(H96-F96,2)) | H96: =IF(NOT(ISNUMBER(C96)),"",ROUND(C96-D96,2)) | I96: =IF(NOT(ISNUMBER(C96)),"",ROUND(C96-SUM(D96,F96:G96),2)) | J96: =IF(COUNTA(B96:C96)=0,"",IF(B96="","Falta apartamento",IF(NOT(ISNUMBER(C96)),"Falta valor","Completo")))
A97: =IF(COUNTA(B97:C97)=0,"",89) | D97: =IF(NOT(ISNUMBER(C97)),"",ROUND(C97*30%,2)) | F97: =IF(NOT(ISNUMBER(C97)),"",ROUND(H97*30%,2)) | G97: =IF(NOT(ISNUMBER(C97)),"",ROUND(H97-F97,2)) | H97: =IF(NOT(ISNUMBER(C97)),"",ROUND(C97-D97,2)) | I97: =IF(NOT(ISNUMBER(C97)),"",ROUND(C97-SUM(D97,F97:G97),2)) | J97: =IF(COUNTA(B97:C97)=0,"",IF(B97="","Falta apartamento",IF(NOT(ISNUMBER(C97)),"Falta valor","Completo")))
A98: =IF(COUNTA(B98:C98)=0,"",90) | D98: =IF(NOT(ISNUMBER(C98)),"",ROUND(C98*30%,2)) | F98: =IF(NOT(ISNUMBER(C98)),"",ROUND(H98*30%,2)) | G98: =IF(NOT(ISNUMBER(C98)),"",ROUND(H98-F98,2)) | H98: =IF(NOT(ISNUMBER(C98)),"",ROUND(C98-D98,2)) | I98: =IF(NOT(ISNUMBER(C98)),"",ROUND(C98-SUM(D98,F98:G98),2)) | J98: =IF(COUNTA(B98:C98)=0,"",IF(B98="","Falta apartamento",IF(NOT(ISNUMBER(C98)),"Falta valor","Completo")))
A99: =IF(COUNTA(B99:C99)=0,"",91) | D99: =IF(NOT(ISNUMBER(C99)),"",ROUND(C99*30%,2)) | F99: =IF(NOT(ISNUMBER(C99)),"",ROUND(H99*30%,2)) | G99: =IF(NOT(ISNUMBER(C99)),"",ROUND(H99-F99,2)) | H99: =IF(NOT(ISNUMBER(C99)),"",ROUND(C99-D99,2)) | I99: =IF(NOT(ISNUMBER(C99)),"",ROUND(C99-SUM(D99,F99:G99),2)) | J99: =IF(COUNTA(B99:C99)=0,"",IF(B99="","Falta apartamento",IF(NOT(ISNUMBER(C99)),"Falta valor","Completo")))
A100: =IF(COUNTA(B100:C100)=0,"",92) | D100: =IF(NOT(ISNUMBER(C100)),"",ROUND(C100*30%,2)) | F100: =IF(NOT(ISNUMBER(C100)),"",ROUND(H100*30%,2)) | G100: =IF(NOT(ISNUMBER(C100)),"",ROUND(H100-F100,2)) | H100: =IF(NOT(ISNUMBER(C100)),"",ROUND(C100-D100,2)) | I100: =IF(NOT(ISNUMBER(C100)),"",ROUND(C100-SUM(D100,F100:G100),2)) | J100: =IF(COUNTA(B100:C100)=0,"",IF(B100="","Falta apartamento",IF(NOT(ISNUMBER(C100)),"Falta valor","Completo")))
A101: =IF(COUNTA(B101:C101)=0,"",93) | D101: =IF(NOT(ISNUMBER(C101)),"",ROUND(C101*30%,2)) | F101: =IF(NOT(ISNUMBER(C101)),"",ROUND(H101*30%,2)) | G101: =IF(NOT(ISNUMBER(C101)),"",ROUND(H101-F101,2)) | H101: =IF(NOT(ISNUMBER(C101)),"",ROUND(C101-D101,2)) | I101: =IF(NOT(ISNUMBER(C101)),"",ROUND(C101-SUM(D101,F101:G101),2)) | J101: =IF(COUNTA(B101:C101)=0,"",IF(B101="","Falta apartamento",IF(NOT(ISNUMBER(C101)),"Falta valor","Completo")))
A102: =IF(COUNTA(B102:C102)=0,"",94) | D102: =IF(NOT(ISNUMBER(C102)),"",ROUND(C102*30%,2)) | F102: =IF(NOT(ISNUMBER(C102)),"",ROUND(H102*30%,2)) | G102: =IF(NOT(ISNUMBER(C102)),"",ROUND(H102-F102,2)) | H102: =IF(NOT(ISNUMBER(C102)),"",ROUND(C102-D102,2)) | I102: =IF(NOT(ISNUMBER(C102)),"",ROUND(C102-SUM(D102,F102:G102),2)) | J102: =IF(COUNTA(B102:C102)=0,"",IF(B102="","Falta apartamento",IF(NOT(ISNUMBER(C102)),"Falta valor","Completo")))
A103: =IF(COUNTA(B103:C103)=0,"",95) | D103: =IF(NOT(ISNUMBER(C103)),"",ROUND(C103*30%,2)) | F103: =IF(NOT(ISNUMBER(C103)),"",ROUND(H103*30%,2)) | G103: =IF(NOT(ISNUMBER(C103)),"",ROUND(H103-F103,2)) | H103: =IF(NOT(ISNUMBER(C103)),"",ROUND(C103-D103,2)) | I103: =IF(NOT(ISNUMBER(C103)),"",ROUND(C103-SUM(D103,F103:G103),2)) | J103: =IF(COUNTA(B103:C103)=0,"",IF(B103="","Falta apartamento",IF(NOT(ISNUMBER(C103)),"Falta valor","Completo")))
...

Sheet Fechamento
A2: Lançamento de fechamento Verdes Vales
A4: Data do fechamento: | C4: =IF(Lançamentos!C4="","",Lançamentos!C4) -> 46310
B5: TOTAL GERAL | C5: =SUM(Lançamentos!C9:C1008) -> 3439.52 | D5: =SUM(Lançamentos!D9:D1008) -> 1031.86 | F5: =SUM(Lançamentos!F9:F1008) -> 722.3 | G5: =SUM(Lançamentos!G9:G1008) -> 1685.36 | H5: =SUM(Lançamentos!H9:H1008) -> 2407.66
A6: Valores acumulados por lançamento. Alimentação + bebidas frias = nota de consumo.
D7: NOTA DE SERVIÇO | F7: NOTA DE CONSUMO — ESTADO
A8: Item | B8: Apartamento | C8: Pacote lançado | D8: Serviço acumulado Prefeitura | F8: Alimentação acumulada Estado | G8: Bebidas frias acumuladas Estado (monofásico) | H8: NOTA DE CONSUMO ACUMULADA | I8: FATURAMENTO ACUMULADO | J8: Situação
A9: =IF(ISNUMBER(Lançamentos!A9),Lançamentos!A9,"") -> 1 | B9: =IF(Lançamentos!B9="","",Lançamentos!B9) -> 01 | C9: =IF(ISNUMBER(Lançamentos!C9),Lançamentos!C9,"") -> 3439.52 | D9: =IF(A9="","",SUM(Lançamentos!D$9:D9)) -> 1031.86 | F9: =IF(A9="","",SUM(Lançamentos!F$9:F9)) -> 722.3 | G9: =IF(A9="","",SUM(Lançamentos!G$9:G9)) -> 1685.36 | H9: =IF(A9="","",SUM(Lançamentos!H$9:H9)) -> 2407.66 | I9: =IF(A9="","",SUM(Lançamentos!C$9:C9)) -> 3439.52 | J9: =IF(Lançamentos!J9="","",Lançamentos!J9) -> Completo
A10: =IF(ISNUMBER(Lançamentos!A10),Lançamentos!A10,"") | B10: =IF(Lançamentos!B10="","",Lançamentos!B10) | C10: =IF(ISNUMBER(Lançamentos!C10),Lançamentos!C10,"") | D10: =IF(A10="","",SUM(Lançamentos!D$9:D10)) | F10: =IF(A10="","",SUM(Lançamentos!F$9:F10)) | G10: =IF(A10="","",SUM(Lançamentos!G$9:G10)) | H10: =IF(A10="","",SUM(Lançamentos!H$9:H10)) | I10: =IF(A10="","",SUM(Lançamentos!C$9:C10)) | J10: =IF(Lançamentos!J10="","",Lançamentos!J10)
A11: =IF(ISNUMBER(Lançamentos!A11),Lançamentos!A11,"") | B11: =IF(Lançamentos!B11="","",Lançamentos!B11) | C11: =IF(ISNUMBER(Lançamentos!C11),Lançamentos!C11,"") | D11: =IF(A11="","",SUM(Lançamentos!D$9:D11)) | F11: =IF(A11="","",SUM(Lançamentos!F$9:F11)) | G11: =IF(A11="","",SUM(Lançamentos!G$9:G11)) | H11: =IF(A11="","",SUM(Lançamentos!H$9:H11)) | I11: =IF(A11="","",SUM(Lançamentos!C$9:C11)) | J11: =IF(Lançamentos!J11="","",Lançamentos!J11)
A12: =IF(ISNUMBER(Lançamentos!A12),Lançamentos!A12,"") | B12: =IF(Lançamentos!B12="","",Lançamentos!B12) | C12: =IF(ISNUMBER(Lançamentos!C12),Lançamentos!C12,"") | D12: =IF(A12="","",SUM(Lançamentos!D$9:D12)) | F12: =IF(A12="","",SUM(Lançamentos!F$9:F12)) | G12: =IF(A12="","",SUM(Lançamentos!G$9:G12)) | H12: =IF(A12="","",SUM(Lançamentos!H$9:H12)) | I12: =IF(A12="","",SUM(Lançamentos!C$9:C12)) | J12: =IF(Lançamentos!J12="","",Lançamentos!J12)
A13: =IF(ISNUMBER(Lançamentos!A13),Lançamentos!A13,"") | B13: =IF(Lançamentos!B13="","",Lançamentos!B13) | C13: =IF(ISNUMBER(Lançamentos!C13),Lançamentos!C13,"") | D13: =IF(A13="","",SUM(Lançamentos!D$9:D13)) | F13: =IF(A13="","",SUM(Lançamentos!F$9:F13)) | G13: =IF(A13="","",SUM(Lançamentos!G$9:G13)) | H13: =IF(A13="","",SUM(Lançamentos!H$9:H13)) | I13: =IF(A13="","",SUM(Lançamentos!C$9:C13)) | J13: =IF(Lançamentos!J13="","",Lançamentos!J13)
A14: =IF(ISNUMBER(Lançamentos!A14),Lançamentos!A14,"") | B14: =IF(Lançamentos!B14="","",Lançamentos!B14) | C14: =IF(ISNUMBER(Lançamentos!C14),Lançamentos!C14,"") | D14: =IF(A14="","",SUM(Lançamentos!D$9:D14)) | F14: =IF(A14="","",SUM(Lançamentos!F$9:F14)) | G14: =IF(A14="","",SUM(Lançamentos!G$9:G14)) | H14: =IF(A14="","",SUM(Lançamentos!H$9:H14)) | I14: =IF(A14="","",SUM(Lançamentos!C$9:C14)) | J14: =IF(Lançamentos!J14="","",Lançamentos!J14)
A15: =IF(ISNUMBER(Lançamentos!A15),Lançamentos!A15,"") | B15: =IF(Lançamentos!B15="","",Lançamentos!B15) | C15: =IF(ISNUMBER(Lançamentos!C15),Lançamentos!C15,"") | D15: =IF(A15="","",SUM(Lançamentos!D$9:D15)) | F15: =IF(A15="","",SUM(Lançamentos!F$9:F15)) | G15: =IF(A15="","",SUM(Lançamentos!G$9:G15)) | H15: =IF(A15="","",SUM(Lançamentos!H$9:H15)) | I15: =IF(A15="","",SUM(Lançamentos!C$9:C15)) | J15: =IF(Lançamentos!J15="","",Lançamentos!J15)
A16: =IF(ISNUMBER(Lançamentos!A16),Lançamentos!A16,"") | B16: =IF(Lançamentos!B16="","",Lançamentos!B16) | C16: =IF(ISNUMBER(Lançamentos!C16),Lançamentos!C16,"") | D16: =IF(A16="","",SUM(Lançamentos!D$9:D16)) | F16: =IF(A16="","",SUM(Lançamentos!F$9:F16)) | G16: =IF(A16="","",SUM(Lançamentos!G$9:G16)) | H16: =IF(A16="","",SUM(Lançamentos!H$9:H16)) | I16: =IF(A16="","",SUM(Lançamentos!C$9:C16)) | J16: =IF(Lançamentos!J16="","",Lançamentos!J16)
A17: =IF(ISNUMBER(Lançamentos!A17),Lançamentos!A17,"") | B17: =IF(Lançamentos!B17="","",Lançamentos!B17) | C17: =IF(ISNUMBER(Lançamentos!C17),Lançamentos!C17,"") | D17: =IF(A17="","",SUM(Lançamentos!D$9:D17)) | F17: =IF(A17="","",SUM(Lançamentos!F$9:F17)) | G17: =IF(A17="","",SUM(Lançamentos!G$9:G17)) | H17: =IF(A17="","",SUM(Lançamentos!H$9:H17)) | I17: =IF(A17="","",SUM(Lançamentos!C$9:C17)) | J17: =IF(Lançamentos!J17="","",Lançamentos!J17)
A18: =IF(ISNUMBER(Lançamentos!A18),Lançamentos!A18,"") | B18: =IF(Lançamentos!B18="","",Lançamentos!B18) | C18: =IF(ISNUMBER(Lançamentos!C18),Lançamentos!C18,"") | D18: =IF(A18="","",SUM(Lançamentos!D$9:D18)) | F18: =IF(A18="","",SUM(Lançamentos!F$9:F18)) | G18: =IF(A18="","",SUM(Lançamentos!G$9:G18)) | H18: =IF(A18="","",SUM(Lançamentos!H$9:H18)) | I18: =IF(A18="","",SUM(Lançamentos!C$9:C18)) | J18: =IF(Lançamentos!J18="","",Lançamentos!J18)
A19: =IF(ISNUMBER(Lançamentos!A19),Lançamentos!A19,"") | B19: =IF(Lançamentos!B19="","",Lançamentos!B19) | C19: =IF(ISNUMBER(Lançamentos!C19),Lançamentos!C19,"") | D19: =IF(A19="","",SUM(Lançamentos!D$9:D19)) | F19: =IF(A19="","",SUM(Lançamentos!F$9:F19)) | G19: =IF(A19="","",SUM(Lançamentos!G$9:G19)) | H19: =IF(A19="","",SUM(Lançamentos!H$9:H19)) | I19: =IF(A19="","",SUM(Lançamentos!C$9:C19)) | J19: =IF(Lançamentos!J19="","",Lançamentos!J19)
A20: =IF(ISNUMBER(Lançamentos!A20),Lançamentos!A20,"") | B20: =IF(Lançamentos!B20="","",Lançamentos!B20) | C20: =IF(ISNUMBER(Lançamentos!C20),Lançamentos!C20,"") | D20: =IF(A20="","",SUM(Lançamentos!D$9:D20)) | F20: =IF(A20="","",SUM(Lançamentos!F$9:F20)) | G20: =IF(A20="","",SUM(Lançamentos!G$9:G20)) | H20: =IF(A20="","",SUM(Lançamentos!H$9:H20)) | I20: =IF(A20="","",SUM(Lançamentos!C$9:C20)) | J20: =IF(Lançamentos!J20="","",Lançamentos!J20)
... A1008: =IF(ISNUMBER(Lançamentos!A1008),Lançamentos!A1008,"") | B1008: =IF(Lançamentos!B1008="","",Lançamentos!B1008) | C1008: =IF(ISNUMBER(Lançamentos!C1008),Lançamentos!C1008,"") | D1008: =IF(A1008="","",SUM(Lançamentos!D$9:D1008)) | F1008: =IF(A1008="","",SUM(Lançamentos!F$9:F1008)) | G1008: =IF(A1008="","",SUM(Lançamentos!G$9:G1008)) | H1008: =IF(A1008="","",SUM(Lançamentos!H$9:H1008)) | I1008: =IF(A1008="","",SUM(Lançamentos!C$9:C1008)) | J1008: =IF(Lançamentos!J1008="","",Lançamentos!J1008)
